Time,In Service,Out Bits/s,Out Packets/s,In Bits/s,In Packets/s,In Packet Errors,In Packet TCP Checksum Errors,In Packet TCP Protocol Errors,Out Packet Errors,In Packets Ignored,TCP Active Connections Initiated,TCP Active Connections Accepted,TCP Listening Connections,TCP Timewait Connections,UDP Active Connections Initiated,UDP Active Connections Accepted,UDP Listening Connections,ICMP Active Connections,TCP Connections Initiated from Connect Queue/s,DHCP4 Discovers,DHCP4 Offers,DHCP4 Requests,DHCP4 Declines,DHCP4 ACKs,DHCP4 NACKs,DHCP4 Releases,DHCP4 Informs,DHCP4 Force Renews,DHCP4 Errors,DHCP6 Solicits,DHCP6 Advertises,DHCP6 Requests,DHCP6 Confirms,DHCP6 Renews,DHCP6 Rebinds,DHCP6 Replies,DHCP6 Releases,DHCP6 Declines,DHCP6 Reconfigures,DHCP6 Informations,DHCP6 Relay Forwards,DHCP6 Relay Replies,DHCP6 Errors,PPPOE PADI Packets,PPPOE PADO Packets,PPPOE PADR Packets,PPPOE PADS Packets,PPPOE PADT In Packets,PPPOE PADT Out Packets,PPPOE Sessions Established,PPPOE Sessions Terminated,PPPOE Sessions Failed,PPPOE Session In Packets/s,PPPOE Session In Bytes/s,PPPOE Session Out Packets/s,PPPOE Session Out Bytes/s,PPPOE In Packets Errored,PPPOE LCP In Config Requests,PPPOE LCP Out Config Requests,PPPOE LCP In Config ACKs,PPPOE LCP Out Config ACKs,PPPOE LCP In Config NACKs,PPPOE LCP Out Config NACKs,PPPOE LCP In Config Rejects,PPPOE LCP Out Config Rejects,PPPOE LCP In Terminate Requests,PPPOE LCP Out Terminate Requests,PPPOE LCP In Terminate ACKs,PPPOE LCP Out Terminate ACKs,PPPOE LCP In Echo Requests,PPPOE LCP Out Echo Requests,PPPOE LCP In Echo Replies,PPPOE LCP Out Echo Replies,PPPOE LCP In Discards,PPPOE LCP Out Discards,PPPOE LCP In Packets Errored,PPPOE PAP In Requests,PPPOE PAP Out Requests,PPPOE PAP In ACKs,PPPOE PAP Out ACKs,PPPOE PAP In NACKs,PPPOE PAP Out NACKs,PPPOE PAP In Packets Errored,PPPOE CHAP In Challenges,PPPOE CHAP Out Challenges,PPPOE CHAP In Responses,PPPOE CHAP Out Responses,PPPOE CHAP In Successes,PPPOE CHAP Out Successes,PPPOE CHAP In Failures,PPPOE CHAP Out Failures,PPPOE CHAP In Packets Errored,PPPOE IPCP In Config Requests,PPPOE IPCP Out Config Requests,PPPOE IPCP In Config ACKs,PPPOE IPCP Out Config ACKs,PPPOE IPCP In Config NACKs,PPPOE IPCP Out Config NACKs,PPPOE IPCP In Config Rejects,PPPOE IPCP Out Config Rejects,PPPOE IPCP In Packets Errored,PPPOE IPV6CP In Config Requests,PPPOE IPV6CP Out Config Requests,PPPOE IPV6CP In Config ACKs,PPPOE IPV6CP Out Config ACKs,PPPOE IPV6CP In Config NACKs,PPPOE IPV6CP Out Config NACKs,PPPOE IPV6CP In Config Rejects,PPPOE IPV6CP Out Config Rejects,PPPOE IPV6CP In Packets Errored,PPPOE IP In Packets/s,PPPOE IP Out Packets/s,PPPOE IP In Packets Errored,PPPOE Other In Packets Errored,Out SYNs/s,Out SYNACKs/s,Out FINs/s,Out FINACKs/s,Out RESETs/s,Out Pure ACKs/s,Out Duplicate ACKs/s,Out Triple ACKs/s,Out Selective ACKs/s,Out Data Segments/s,Out Duplicate Data Segments/s,In SYNs/s,In SYNACKs/s,In FINs/s,In FINACKs/s,In RESETs/s,In Pure ACKs/s,In Duplicate ACKs/s,In Triple ACKs/s,In Selective ACKs/s,In Data Segments/s,In Duplicate Data Segments/s
2015-09-08 09:08:03.726034+0100,0,0.000000,0.000000,0.000000,0.000000,0,0,0,0,0,nan,nan,nan,nan,nan,nan,nan,nan,nan,nan,nan,nan,nan,nan,nan,nan,nan,nan,nan,nan,nan,nan,nan,nan,nan,nan,nan,nan,nan,nan,nan,nan,nan,nan,nan,nan,nan,nan,nan,nan,nan,nan,nan,nan,nan,nan,nan,nan,nan,nan,nan,nan,nan,nan,nan,nan,nan,nan,nan,nan,nan,nan,nan,nan,nan,nan,nan,nan,nan,nan,nan,nan,nan,nan,nan,nan,nan,nan,nan,nan,nan,nan,nan,nan,nan,nan,nan,nan,nan,nan,nan,nan,nan,nan,nan,nan,nan,nan,nan,nan,nan,nan,nan,nan,nan,nan,nan,nan,nan,nan,nan,nan,nan,nan,nan,nan,nan,nan,nan,nan,nan,nan,nan,nan,nan,nan
2015-09-08 09:08:33.800004+0100,1,19915.162514,6.716772,14.896603,0.066503,0,0,0,0,0,nan,nan,nan,nan,nan,nan,nan,nan,nan,nan,nan,nan,nan,nan,nan,nan,nan,nan,nan,nan,nan,nan,nan,nan,nan,nan,nan,nan,nan,nan,nan,nan,nan,nan,nan,nan,nan,nan,nan,nan,nan,nan,nan,nan,nan,nan,nan,nan,nan,nan,nan,nan,nan,nan,nan,nan,nan,nan,nan,nan,nan,nan,nan,nan,nan,nan,nan,nan,nan,nan,nan,nan,nan,nan,nan,nan,nan,nan,nan,nan,nan,nan,nan,nan,nan,nan,nan,nan,nan,nan,nan,nan,nan,nan,nan,nan,nan,nan,nan,nan,nan,nan,nan,nan,nan,nan,nan,nan,nan,nan,nan,nan,nan,nan,nan,nan,nan,nan,nan,nan,nan,nan,nan,nan,nan,nan
2015-09-08 09:09:03.800000+0100,1,11399.734853,2.666667,0.000000,0.000000,0,0,0,0,0,nan,nan,nan,nan,nan,nan,nan,nan,nan,nan,nan,nan,nan,nan,nan,nan,nan,nan,nan,nan,nan,nan,nan,nan,nan,nan,nan,nan,nan,nan,nan,nan,nan,nan,nan,nan,nan,nan,nan,nan,nan,nan,nan,nan,nan,nan,nan,nan,nan,nan,nan,nan,nan,nan,nan,nan,nan,nan,nan,nan,nan,nan,nan,nan,nan,nan,nan,nan,nan,nan,nan,nan,nan,nan,nan,nan,nan,nan,nan,nan,nan,nan,nan,nan,nan,nan,nan,nan,nan,nan,nan,nan,nan,nan,nan,nan,nan,nan,nan,nan,nan,nan,nan,nan,nan,nan,nan,nan,nan,nan,nan,nan,nan,nan,nan,nan,nan,nan,nan,nan,nan,nan,nan,nan,nan,nan
2015-09-08 09:09:33.800000+0100,1,1567.466667,0.333333,0.000000,0.000000,0,0,0,0,0,nan,nan,nan,nan,nan,nan,nan,nan,nan,nan,nan,nan,nan,nan,nan,nan,nan,nan,nan,nan,nan,nan,nan,nan,nan,nan,nan,nan,nan,nan,nan,nan,nan,nan,nan,nan,nan,nan,nan,nan,nan,nan,nan,nan,nan,nan,nan,nan,nan,nan,nan,nan,nan,nan,nan,nan,nan,nan,nan,nan,nan,nan,nan,nan,nan,nan,nan,nan,nan,nan,nan,nan,nan,nan,nan,nan,nan,nan,nan,nan,nan,nan,nan,nan,nan,nan,nan,nan,nan,nan,nan,nan,nan,nan,nan,nan,nan,nan,nan,nan,nan,nan,nan,nan,nan,nan,nan,nan,nan,nan,nan,nan,nan,nan,nan,nan,nan,nan,nan,nan,nan,nan,nan,nan,nan,nan
