Name,Name.Scaler,Group,MlipsName,Server,Aggregate,Sat,IsNormalStatsEnabled,IsFineStatsEnabled,SrrdEntityType,StatEntityType,SrrdDataOptions,Dbid,PacketProcessorName,Ppid,Ppoid,Totaller,TotallerSat,Id,FriendlyName,TestGroupIfAny,Description
Default_Host,,DefaultAggregateGroup!Default,astat_Default_Host,,Aggregate!TestGroupTotals_Host,Host,true,false,1,Aggregate,0,9442,0/0,0,61,Aggregate!TestGroupTotals_Host,Host,9442,Aggregate[Default_Host],TestGroup!VoIPTest,
Default_VoipUA,,DefaultAggregateGroup!Default,astat_Default_VoipUA,,Aggregate!TestGroupTotals_VoipUA,VoipUA,true,false,1,Aggregate,8796093022208,9443,0/0,0,60,Aggregate!TestGroupTotals_VoipUA,VoipUA,9443,Aggregate[Default_VoipUA],TestGroup!VoIPTest,
TestGroupTotals_AllClient,,TotallerAggregateGroup!TestGroupTotals,astat_TestGroupTotals_AllClient,Aggregate!TestGroupTotals_AllServer,,AllClient,true,false,1,Aggregate,19929752403968,8509,0/0,0,45,,,8509,Aggregate[TestGroupTotals_AllClient],TestGroup!VoIPTest,
TestGroupTotals_AllServer,,TotallerAggregateGroup!TestGroupTotals,astat_TestGroupTotals_AllServer,,,AllServer,true,false,1,Aggregate,0,8508,0/0,0,,,,8508,Aggregate[TestGroupTotals_AllServer],TestGroup!VoIPTest,
TestGroupTotals_Host,,TotallerAggregateGroup!TestGroupTotals,astat_TestGroupTotals_Host,,,Host,true,false,1,Aggregate,1040187392,8503,0/0,0,34,,,8503,Aggregate[TestGroupTotals_Host],TestGroup!VoIPTest,
TestGroupTotals_VoipUA,,TotallerAggregateGroup!TestGroupTotals,astat_TestGroupTotals_VoipUA,Aggregate!TestGroupTotals_VoipUAS,Aggregate!TestGroupTotals_AllClient,VoipUA,true,false,1,Aggregate,8797166764032,8502,0/0,0,36,Aggregate!TestGroupTotals_AllClient,AllClient,8502,Aggregate[TestGroupTotals_VoipUA],TestGroup!VoIPTest,
TestGroupTotals_VoipUAS,,TotallerAggregateGroup!TestGroupTotals,astat_TestGroupTotals_VoipUAS,,Aggregate!TestGroupTotals_AllServer,VoipUAS,true,false,1,Aggregate,0,8501,0/0,0,,Aggregate!TestGroupTotals_AllServer,AllServer,8501,Aggregate[TestGroupTotals_VoipUAS],TestGroup!VoIPTest,
