Name,Name.Scaler,Owner,Value
10,,VoipUa!Callee6,6505550016@test.com
11,,VoipUa!Callee7,6505550017@test.com
12,,VoipUa!Callee8,6505550018@test.com
13,,VoipUa!Callee9,6505550019@test.com
14,,VoipUa!Caller0,sip:6505550010@test.com:5060
15,,VoipUa!Caller0,6505550000@test.com
16,,VoipUa!Caller1,sip:6505550011@test.com:5061
17,,VoipUa!Caller1,6505550001@test.com
18,,VoipUa!Caller2,sip:6505550012@test.com:5062
19,,VoipUa!Caller2,6505550002@test.com
20,,VoipUa!Caller3,sip:6505550013@test.com:5063
21,,VoipUa!Caller3,6505550003@test.com
22,,VoipUa!Caller4,sip:6505550014@test.com:5064
23,,VoipUa!Caller4,6505550004@test.com
24,,VoipUa!Caller5,sip:6505550015@test.com:5065
25,,VoipUa!Caller5,6505550005@test.com
26,,VoipUa!Caller6,sip:6505550016@test.com:5066
27,,VoipUa!Caller6,6505550006@test.com
28,,VoipUa!Caller7,sip:6505550017@test.com:5067
29,,VoipUa!Caller7,6505550007@test.com
30,,VoipUa!Caller8,sip:6505550018@test.com:5068
31,,VoipUa!Caller8,6505550008@test.com
32,,VoipUa!Caller9,sip:6505550019@test.com:5069
33,,VoipUa!Caller9,6505550009@test.com
4,,VoipUa!Callee0,6505550010@test.com
5,,VoipUa!Callee1,6505550011@test.com
6,,VoipUa!Callee2,6505550012@test.com
7,,VoipUa!Callee3,6505550013@test.com
8,,VoipUa!Callee4,6505550014@test.com
9,,VoipUa!Callee5,6505550015@test.com
