Name,Name.Scaler,FriendlyName,PhoneType,StatEntityType,SrrdDataOptions,MediaType,StreamProfile,StunIceStatsEnabled,AdditionalRtpStatsEnabled,SipDomainName,SipPort,EnablePassiveAnalysisStatistics,AvqStatsEnabled,VideoCodec,VideoPid,AutoDeterminePid,ConfigurePassiveAnalysis,TransportType,RtpPorts,SipQos,RtpQos,SipUserName,AssociatedCallUris,UseClientIpAsSipDomainName,UseSipUserNameAsPassword,SipPassword,SpecifySipAuthUsername,SipAuthUsername,AssociatedSipAuthUsernames,RegisterWithServer,UseServerInterval,RegistrationInterval,RegistrationIntervalMetric,EnableRtpReceivedInactivityTimeout,RtpReceivedInactivityTimeout,RtpReceivedInactivityTimeoutMetric,AllowUAInitiateCalls,CalledPartySelection,CallUri,CallList,CallAnsweringDelay,CallAnsweringDelayMetric,BusyRatio,EnableEndReceivedCalls,EnableSend100Trying,DisableRtpSending,GenerateRtcpReports,AllowDelayBetweenCalls,Bhca,AverageHoldTime,AverageHoldTimeMetric,Support100RelPrack,EnableSessionTimer,SessionTimer,SessionTimerMetric,InitialCallDelay,InitialCallDelayMetric,LatencyStatsEnabled,PlayoutJitterBufferDelay,PlayoutJitterBufferDelayMetric,MaximumJitterBuffer,MaximumJitterBufferMetric,AnalyseMpeg2TsEs,EnableSrtp,EnableAMRLevelChanging,LevelChangeList,VariableLevelChange,LevelChangeInterval,LevelChangeIntervalMetric,AuthenticationAlgorithm,AkaOperatorId,AkaKey,AssociatedAkaKeys,ProtectedSipPort,EspAuthenticationAlgorithm,EspEncryptionAlgorithm,DtmfMode,DtmfEvents,AssociatedDtmfEvents,InitialDtmfEventDelay,InitialDtmfEventDelayMetric,InterDtmfEventDelay,InterDtmfEventDelayMetric,DtmfEventDuration,DtmfEventDurationMetric,DtmfEventVolume,SupportReferRequest,DisableCallTransfer,ThreeGppImsMultimediaTelephonySupport,ThreeGppSmsSupport,SmsGatewayUri,MessageRecipientSelection,E164Number,AssociatedE164Numbers,MessageRecipientList,SmsMessageList,InitialSmsDelay,InitialSmsDelayMetric,InterSmsDelay,InterSmsDelayMetric,EnableSmsBurst,SmsBurstCount,SmsBurstDelay,SmsBurstDelayMetric,InterSmsBurstDelay,InterSmsBurstDelayMetric,DownloadPhoneConfig,NumIpAddresses,ZipfianExponent,NumMultipleApps,IpAddressSelectionType,StartIpAddress,ConnectionRateLimiter,Server,TcpCharacteristicsConfigItem,AggregateGroup,Aggregate,Qos,Sat,AggregateGroupOrDefault,IsNormalStatsEnabled,IsFineStatsEnabled,SrrdEntityType,Dbid,PacketProcessorName,Ppid,Ppoid,StartAfter,StartAfterMetric,StopAfter,StopAfterMetric,ClientBatchMode,Host,TransportPort,AdministrativeState,ServiceState,ScaleFactor,DocumentId,Id,TestGroupIfAny,Description
Callee0,,VoIP UA [Callee0],Generic Phone,VoIP UA,0,,StreamProfile!sipcodec,false,false,test.com,5060,,false,,,,false,UDP,16384,0,0,6505550010,,false,false,vCkMVew7j,true,6505550010@test.com,String!4,true,true,,,,,,false,,,,0,ms,0,false,true,false,false,,,,,false,false,,,,,,,,,,,false,,,,,,Digest,,,,,,,Not Supported,,,,,,,,,,false,false,false,None,,,,,,,,,,,,,,,,,Disabled,,,,,,,VoipExternalSipProxy!ExternalSIP,,,Aggregate!Default_VoipUA,0,VoipUA,DefaultAggregateGroup!Default,true,false,3,8554,9/1,2305,9,0,secs,,secs,Single App per Row,DirectVirtualHost!UAC2,5060,Enabled,In Service,,,8554,TestGroup!VoIPTest,Callee
Callee1,,VoIP UA [Callee1],Generic Phone,VoIP UA,0,,StreamProfile!sipcodec,false,false,test.com,5061,,false,,,,false,UDP,16386,0,0,6505550011,,false,false,kpttRrfXn,true,6505550011@test.com,String!5,true,true,,,,,,false,,,,0,ms,0,false,true,false,false,,,,,false,false,,,,,,,,,,,false,,,,,,Digest,,,,,,,Not Supported,,,,,,,,,,false,false,false,None,,,,,,,,,,,,,,,,,Disabled,,,,,,,VoipExternalSipProxy!ExternalSIP,,,Aggregate!Default_VoipUA,0,VoipUA,DefaultAggregateGroup!Default,true,false,3,8553,9/1,2305,12,0,secs,,secs,Single App per Row,DirectVirtualHost!UAC2,5061,Enabled,In Service,,,8553,TestGroup!VoIPTest,Callee
Callee2,,VoIP UA [Callee2],Generic Phone,VoIP UA,0,,StreamProfile!sipcodec,false,false,test.com,5062,,false,,,,false,UDP,16388,0,0,6505550012,,false,false,fWWETSqYm,true,6505550012@test.com,String!6,true,true,,,,,,false,,,,0,ms,0,false,true,false,false,,,,,false,false,,,,,,,,,,,false,,,,,,Digest,,,,,,,Not Supported,,,,,,,,,,false,false,false,None,,,,,,,,,,,,,,,,,Disabled,,,,,,,VoipExternalSipProxy!ExternalSIP,,,Aggregate!Default_VoipUA,0,VoipUA,DefaultAggregateGroup!Default,true,false,3,8558,9/1,2305,6,0,secs,,secs,Single App per Row,DirectVirtualHost!UAC2,5062,Enabled,In Service,,,8558,TestGroup!VoIPTest,Callee
Callee3,,VoIP UA [Callee3],Generic Phone,VoIP UA,0,,StreamProfile!sipcodec,false,false,test.com,5063,,false,,,,false,UDP,16390,0,0,6505550013,,false,false,6kFShx89S,true,6505550013@test.com,String!7,true,true,,,,,,false,,,,0,ms,0,false,true,false,false,,,,,false,false,,,,,,,,,,,false,,,,,,Digest,,,,,,,Not Supported,,,,,,,,,,false,false,false,None,,,,,,,,,,,,,,,,,Disabled,,,,,,,VoipExternalSipProxy!ExternalSIP,,,Aggregate!Default_VoipUA,0,VoipUA,DefaultAggregateGroup!Default,true,false,3,8557,9/1,2305,8,0,secs,,secs,Single App per Row,DirectVirtualHost!UAC2,5063,Enabled,In Service,,,8557,TestGroup!VoIPTest,Callee
Callee4,,VoIP UA [Callee4],Generic Phone,VoIP UA,0,,StreamProfile!sipcodec,false,false,test.com,5064,,false,,,,false,UDP,16392,0,0,6505550014,,false,false,C7cGhqPV6,true,6505550014@test.com,String!8,true,true,,,,,,false,,,,0,ms,0,false,true,false,false,,,,,false,false,,,,,,,,,,,false,,,,,,Digest,,,,,,,Not Supported,,,,,,,,,,false,false,false,None,,,,,,,,,,,,,,,,,Disabled,,,,,,,VoipExternalSipProxy!ExternalSIP,,,Aggregate!Default_VoipUA,0,VoipUA,DefaultAggregateGroup!Default,true,false,3,8556,9/1,2305,7,0,secs,,secs,Single App per Row,DirectVirtualHost!UAC2,5064,Enabled,In Service,,,8556,TestGroup!VoIPTest,Callee
Callee5,,VoIP UA [Callee5],Generic Phone,VoIP UA,0,,StreamProfile!sipcodec,false,false,test.com,5065,,false,,,,false,UDP,16394,0,0,6505550015,,false,false,Spsd7H5HW,true,6505550015@test.com,String!9,true,true,,,,,,false,,,,0,ms,0,false,true,false,false,,,,,false,false,,,,,,,,,,,false,,,,,,Digest,,,,,,,Not Supported,,,,,,,,,,false,false,false,None,,,,,,,,,,,,,,,,,Disabled,,,,,,,VoipExternalSipProxy!ExternalSIP,,,Aggregate!Default_VoipUA,0,VoipUA,DefaultAggregateGroup!Default,true,false,3,8555,9/1,2305,10,0,secs,,secs,Single App per Row,DirectVirtualHost!UAC2,5065,Enabled,In Service,,,8555,TestGroup!VoIPTest,Callee
Callee6,,VoIP UA [Callee6],Generic Phone,VoIP UA,0,,StreamProfile!sipcodec,false,false,test.com,5066,,false,,,,false,UDP,16396,0,0,6505550016,,false,false,BRty7bwqA,true,6505550016@test.com,String!10,true,true,,,,,,false,,,,0,ms,0,false,true,false,false,,,,,false,false,,,,,,,,,,,false,,,,,,Digest,,,,,,,Not Supported,,,,,,,,,,false,false,false,None,,,,,,,,,,,,,,,,,Disabled,,,,,,,VoipExternalSipProxy!ExternalSIP,,,Aggregate!Default_VoipUA,0,VoipUA,DefaultAggregateGroup!Default,true,false,3,8552,9/1,2305,11,0,secs,,secs,Single App per Row,DirectVirtualHost!UAC2,5066,Enabled,In Service,,,8552,TestGroup!VoIPTest,Callee
Callee7,,VoIP UA [Callee7],Generic Phone,VoIP UA,0,,StreamProfile!sipcodec,false,false,test.com,5067,,false,,,,false,UDP,16398,0,0,6505550017,,false,false,AZKCf7fGP,true,6505550017@test.com,String!11,true,true,,,,,,false,,,,0,ms,0,false,true,false,false,,,,,false,false,,,,,,,,,,,false,,,,,,Digest,,,,,,,Not Supported,,,,,,,,,,false,false,false,None,,,,,,,,,,,,,,,,,Disabled,,,,,,,VoipExternalSipProxy!ExternalSIP,,,Aggregate!Default_VoipUA,0,VoipUA,DefaultAggregateGroup!Default,true,false,3,8551,9/1,2305,4,0,secs,,secs,Single App per Row,DirectVirtualHost!UAC2,5067,Enabled,In Service,,,8551,TestGroup!VoIPTest,Callee
Callee8,,VoIP UA [Callee8],Generic Phone,VoIP UA,0,,StreamProfile!sipcodec,false,false,test.com,5068,,false,,,,false,UDP,16400,0,0,6505550018,,false,false,B8yydMZTe,true,6505550018@test.com,String!12,true,true,,,,,,false,,,,0,ms,0,false,true,false,false,,,,,false,false,,,,,,,,,,,false,,,,,,Digest,,,,,,,Not Supported,,,,,,,,,,false,false,false,None,,,,,,,,,,,,,,,,,Disabled,,,,,,,VoipExternalSipProxy!ExternalSIP,,,Aggregate!Default_VoipUA,0,VoipUA,DefaultAggregateGroup!Default,true,false,3,8550,9/1,2305,3,0,secs,,secs,Single App per Row,DirectVirtualHost!UAC2,5068,Enabled,In Service,,,8550,TestGroup!VoIPTest,Callee
Callee9,,VoIP UA [Callee9],Generic Phone,VoIP UA,0,,StreamProfile!sipcodec,false,false,test.com,5069,,false,,,,false,UDP,16402,0,0,6505550019,,false,false,649h79yHz,true,6505550019@test.com,String!13,true,true,,,,,,false,,,,0,ms,0,false,true,false,false,,,,,false,false,,,,,,,,,,,false,,,,,,Digest,,,,,,,Not Supported,,,,,,,,,,false,false,false,None,,,,,,,,,,,,,,,,,Disabled,,,,,,,VoipExternalSipProxy!ExternalSIP,,,Aggregate!Default_VoipUA,0,VoipUA,DefaultAggregateGroup!Default,true,false,3,8549,9/1,2305,5,0,secs,,secs,Single App per Row,DirectVirtualHost!UAC2,5069,Enabled,In Service,,,8549,TestGroup!VoIPTest,Callee
Caller0,,VoIP UA [Caller0],Generic Phone,VoIP UA,0,,StreamProfile!sipcodec,false,false,test.com,5060,,false,,,,false,UDP,16384,0,0,6505550000,String!14,false,false,85mA6FakW,true,6505550000@test.com,String!15,true,true,,,,,,true,Call URI,sip:6505550010@test.com:5060,,0,ms,0,false,true,false,false,true,5,20,secs,false,false,,,0,ms,false,,,,,,false,,,,,,Digest,,,,,,,Not Supported,,,,,,,,,,false,false,false,None,,,,,,,,,,,,,,,,,Disabled,,,,,,,VoipExternalSipProxy!ExternalSIP,,,Aggregate!Default_VoipUA,0,VoipUA,DefaultAggregateGroup!Default,true,false,3,8541,8/1,2049,3,0,secs,,secs,Single App per Row,DirectVirtualHost!UAC1,5060,Enabled,In Service,,,8541,TestGroup!VoIPTest,Caller
Caller1,,VoIP UA [Caller1],Generic Phone,VoIP UA,0,,StreamProfile!sipcodec,false,false,test.com,5061,,false,,,,false,UDP,16386,0,0,6505550001,String!16,false,false,VCCCvPqm6,true,6505550001@test.com,String!17,true,true,,,,,,true,Call URI,sip:6505550011@test.com:5061,,0,ms,0,false,true,false,false,true,5,20,secs,false,false,,,0,ms,false,,,,,,false,,,,,,Digest,,,,,,,Not Supported,,,,,,,,,,false,false,false,None,,,,,,,,,,,,,,,,,Disabled,,,,,,,VoipExternalSipProxy!ExternalSIP,,,Aggregate!Default_VoipUA,0,VoipUA,DefaultAggregateGroup!Default,true,false,3,8540,8/1,2049,4,0,secs,,secs,Single App per Row,DirectVirtualHost!UAC1,5061,Enabled,In Service,,,8540,TestGroup!VoIPTest,Caller
Caller2,,VoIP UA [Caller2],Generic Phone,VoIP UA,0,,StreamProfile!sipcodec,false,false,test.com,5062,,false,,,,false,UDP,16388,0,0,6505550002,String!18,false,false,BNYBzhTmv,true,6505550002@test.com,String!19,true,true,,,,,,true,Call URI,sip:6505550012@test.com:5062,,0,ms,0,false,true,false,false,true,5,20,secs,false,false,,,0,ms,false,,,,,,false,,,,,,Digest,,,,,,,Not Supported,,,,,,,,,,false,false,false,None,,,,,,,,,,,,,,,,,Disabled,,,,,,,VoipExternalSipProxy!ExternalSIP,,,Aggregate!Default_VoipUA,0,VoipUA,DefaultAggregateGroup!Default,true,false,3,8539,8/1,2049,7,0,secs,,secs,Single App per Row,DirectVirtualHost!UAC1,5062,Enabled,In Service,,,8539,TestGroup!VoIPTest,Caller
Caller3,,VoIP UA [Caller3],Generic Phone,VoIP UA,0,,StreamProfile!sipcodec,false,false,test.com,5063,,false,,,,false,UDP,16390,0,0,6505550003,String!20,false,false,3mC5skMhc,true,6505550003@test.com,String!21,true,true,,,,,,true,Call URI,sip:6505550013@test.com:5063,,0,ms,0,false,true,false,false,true,5,20,secs,false,false,,,0,ms,false,,,,,,false,,,,,,Digest,,,,,,,Not Supported,,,,,,,,,,false,false,false,None,,,,,,,,,,,,,,,,,Disabled,,,,,,,VoipExternalSipProxy!ExternalSIP,,,Aggregate!Default_VoipUA,0,VoipUA,DefaultAggregateGroup!Default,true,false,3,8545,8/1,2049,12,0,secs,,secs,Single App per Row,DirectVirtualHost!UAC1,5063,Enabled,In Service,,,8545,TestGroup!VoIPTest,Caller
Caller4,,VoIP UA [Caller4],Generic Phone,VoIP UA,0,,StreamProfile!sipcodec,false,false,test.com,5064,,false,,,,false,UDP,16392,0,0,6505550004,String!22,false,false,NwtgAkxWS,true,6505550004@test.com,String!23,true,true,,,,,,true,Call URI,sip:6505550014@test.com:5064,,0,ms,0,false,true,false,false,true,5,20,secs,false,false,,,0,ms,false,,,,,,false,,,,,,Digest,,,,,,,Not Supported,,,,,,,,,,false,false,false,None,,,,,,,,,,,,,,,,,Disabled,,,,,,,VoipExternalSipProxy!ExternalSIP,,,Aggregate!Default_VoipUA,0,VoipUA,DefaultAggregateGroup!Default,true,false,3,8544,8/1,2049,11,0,secs,,secs,Single App per Row,DirectVirtualHost!UAC1,5064,Enabled,In Service,,,8544,TestGroup!VoIPTest,Caller
Caller5,,VoIP UA [Caller5],Generic Phone,VoIP UA,0,,StreamProfile!sipcodec,false,false,test.com,5065,,false,,,,false,UDP,16394,0,0,6505550005,String!24,false,false,rATdbcpYw,true,6505550005@test.com,String!25,true,true,,,,,,true,Call URI,sip:6505550015@test.com:5065,,0,ms,0,false,true,false,false,true,5,20,secs,false,false,,,0,ms,false,,,,,,false,,,,,,Digest,,,,,,,Not Supported,,,,,,,,,,false,false,false,None,,,,,,,,,,,,,,,,,Disabled,,,,,,,VoipExternalSipProxy!ExternalSIP,,,Aggregate!Default_VoipUA,0,VoipUA,DefaultAggregateGroup!Default,true,false,3,8543,8/1,2049,5,0,secs,,secs,Single App per Row,DirectVirtualHost!UAC1,5065,Enabled,In Service,,,8543,TestGroup!VoIPTest,Caller
Caller6,,VoIP UA [Caller6],Generic Phone,VoIP UA,0,,StreamProfile!sipcodec,false,false,test.com,5066,,false,,,,false,UDP,16396,0,0,6505550006,String!26,false,false,Q3Ate3VAc,true,6505550006@test.com,String!27,true,true,,,,,,true,Call URI,sip:6505550016@test.com:5066,,0,ms,0,false,true,false,false,true,5,20,secs,false,false,,,0,ms,false,,,,,,false,,,,,,Digest,,,,,,,Not Supported,,,,,,,,,,false,false,false,None,,,,,,,,,,,,,,,,,Disabled,,,,,,,VoipExternalSipProxy!ExternalSIP,,,Aggregate!Default_VoipUA,0,VoipUA,DefaultAggregateGroup!Default,true,false,3,8542,8/1,2049,6,0,secs,,secs,Single App per Row,DirectVirtualHost!UAC1,5066,Enabled,In Service,,,8542,TestGroup!VoIPTest,Caller
Caller7,,VoIP UA [Caller7],Generic Phone,VoIP UA,0,,StreamProfile!sipcodec,false,false,test.com,5067,,false,,,,false,UDP,16398,0,0,6505550007,String!28,false,false,qaN3SgTBg,true,6505550007@test.com,String!29,true,true,,,,,,true,Call URI,sip:6505550017@test.com:5067,,0,ms,0,false,true,false,false,true,5,20,secs,false,false,,,0,ms,false,,,,,,false,,,,,,Digest,,,,,,,Not Supported,,,,,,,,,,false,false,false,None,,,,,,,,,,,,,,,,,Disabled,,,,,,,VoipExternalSipProxy!ExternalSIP,,,Aggregate!Default_VoipUA,0,VoipUA,DefaultAggregateGroup!Default,true,false,3,8548,8/1,2049,8,0,secs,,secs,Single App per Row,DirectVirtualHost!UAC1,5067,Enabled,In Service,,,8548,TestGroup!VoIPTest,Caller
Caller8,,VoIP UA [Caller8],Generic Phone,VoIP UA,0,,StreamProfile!sipcodec,false,false,test.com,5068,,false,,,,false,UDP,16400,0,0,6505550008,String!30,false,false,qkwCbzy3s,true,6505550008@test.com,String!31,true,true,,,,,,true,Call URI,sip:6505550018@test.com:5068,,0,ms,0,false,true,false,false,true,5,20,secs,false,false,,,0,ms,false,,,,,,false,,,,,,Digest,,,,,,,Not Supported,,,,,,,,,,false,false,false,None,,,,,,,,,,,,,,,,,Disabled,,,,,,,VoipExternalSipProxy!ExternalSIP,,,Aggregate!Default_VoipUA,0,VoipUA,DefaultAggregateGroup!Default,true,false,3,8547,8/1,2049,10,0,secs,,secs,Single App per Row,DirectVirtualHost!UAC1,5068,Enabled,In Service,,,8547,TestGroup!VoIPTest,Caller
Caller9,,VoIP UA [Caller9],Generic Phone,VoIP UA,0,,StreamProfile!sipcodec,false,false,test.com,5069,,false,,,,false,UDP,16402,0,0,6505550009,String!32,false,false,eB7ySrr4Q,true,6505550009@test.com,String!33,true,true,,,,,,true,Call URI,sip:6505550019@test.com:5069,,0,ms,0,false,true,false,false,true,5,20,secs,false,false,,,0,ms,false,,,,,,false,,,,,,Digest,,,,,,,Not Supported,,,,,,,,,,false,false,false,None,,,,,,,,,,,,,,,,,Disabled,,,,,,,VoipExternalSipProxy!ExternalSIP,,,Aggregate!Default_VoipUA,0,VoipUA,DefaultAggregateGroup!Default,true,false,3,8546,8/1,2049,9,0,secs,,secs,Single App per Row,DirectVirtualHost!UAC1,5069,Enabled,In Service,,,8546,TestGroup!VoIPTest,Caller
