<?xml version="1.0" encoding="ISO-8859-1" ?>
<!DOCTYPE scenario SYSTEM "sipp.dtd">

<!-- You will need to compile SIPp with OpenSSL support 'make ossl' to use this call scenario -->

<!-- Execute this script with SIPp using the following command assuming your UAS is 10.0.0.10 -->
<!-- Replace 10.0.0.10 with your SIP proxy’s address. The command will generate 10 calls (-r) per 10000 -->
<!-- milliseconds (-rp), max 100 concurrent calls (-l) and make a max of 100000 calls (-m) -->

<!-- ./sipp 10.0.0.10 -sf invite-auth-sdp-nomedia.xml -inf user-accounts.csv -m 100000 -l 100 -r 10 -rp 10000 -->

<scenario name="UAC INvite    ">
  <send retrans="500">
    <![CDATA[

INVITE sip:[field3]@[field1]:[remote_port] SIP/2.0
Via: SIP/2.0/[transport] [local_ip]:[local_port];branch=[branch]
From: sipp <sip:sipp@[local_ip]:[local_port]>;tag=[pid]SIPpTag00[call_number]
To: sut <sip:[field3]@[field1]:[remote_port]>
Call-ID: [call_id]
CSeq: [cseq] INVITE
Contact: <sip:sipp@[local_ip]:[local_port]>
Max-Forwards: 70
Subject: Performance Test
User-Agent: SIPp Tester UAC
Allow: INVITE, ACK, CANCEL, OPTIONS, BYE, REFER, SUBSCRIBE, NOTIFY, INFO, PUBLISH
Content-Type: application/sdp
Content-Length: [len]
v=0
o=user1 53655765 2353687637 IN IP[local_ip_type] [local_ip]
s=-
c=IN IP[media_ip_type] [media_ip]
t=0 0
m=audio [media_port] RTP/AVP 0
a=rtpmap:0 PCMU/8000

]]>
  </send>

  <recv response="100" optional="true">
  </recv>

  <recv response="180" optional="true">
  </recv>

 
  <recv response="200" rtd="true" rrs="true">
       
  </recv>
<send>
<![CDATA[
ACK [next_url] SIP/2.0
Via: SIP/2.0/[transport] [local_ip]:[local_port];branch=[branch]
[routes]
[last_From:]
[last_To:]
[last_Call-ID:]
CSeq: [cseq] ACK
Max-Forwards: 70
Content-Length: 0
]]>
</send>

<!-- This delay can be customized by the -d command-line option -->
<!-- or by adding a 'milliseconds = "value"' option here. -->
<pause milliseconds="4000"/>
<!-- The 'crlf' option inserts a blank line in the statistics report. -->
<send start_txn="bye">
<![CDATA[
BYE [next_url] SIP/2.0
Via: SIP/2.0/[transport] [local_ip]:[local_port];branch=[branch]
[routes]
Contact: sip:sipp@[local_ip]:[local_port]
From: sipp <sip:sipp@[local_ip]:[local_port]>;tag=[pid]SIPpTag00[call_number]
To: sut <sip:[field3]@[field1]:[remote_port]>[peer_tag_param]
Call-ID: [call_id]
CSeq: [cseq] BYE
Max-Forwards: 30
Content-Length: 0
]]>
</send>

  <recv response="200" response_txn="bye" crlf="true">
  </recv>

  <!-- definition of the response time repartition table (unit is ms) -->
  <ResponseTimeRepartition value="10, 20, 30, 40, 50, 100, 150, 200"/>

  <!-- definition of the call length repartition table (unit is ms) -->
  <CallLengthRepartition value="10, 50, 100, 500, 1000, 5000, 10000"/>


</scenario>

