Time,In Service,Out RTP Bits/s,Out RTP Packets/s,In RTP Bits/s,In RTP Packets/s,RTP Out of Sequence Packets,RTP Dropped Packets,RTP Duplicate Packets,Out Calls Attempted/s,Out Calls Established/s,Out Calls Rejected,In Calls Attempted/s,In Calls Established/s,In Calls Rejected,Calls Errored,SIP Out Messages,SIP Messages Resent,SIP In Messages,Registrations Attempted,Registrations Successful,Registrations Rejected,Registrations Errored,Calls Received Ringing,Mean Time To Ringing ms,Min Time To Ringing ms,Max Time To Ringing ms,Calls Received RTP Packet,Mean Time To RTP Packet ms,Min Time To RTP Packet ms,Max Time To RTP Packet ms,Registrations Ok,Mean Registration ms,Min Registration ms,Max Registration ms,Calls Ended Ok,Mean Call End ms,Min Call End ms,Max Call End ms,Out RTCP Packets,In RTCP Packets,RTP Jitter (RFC3550) ms,RTP Max Jitter ms
2015-09-08 09:08:03.726034+0100,0,0.000000,0.000000,0.000000,0.000000,0,0,0,0.000000,0.000000,0,0.000000,0.000000,0,0,0,0,0,0,0,0,0,0,nan,nan,nan,0,nan,nan,nan,0,nan,nan,nan,0,nan,nan,nan,0,0,nan,nan
2015-09-08 09:08:33.800004+0100,1,0.000000,0.000000,0.000000,0.000000,0,0,0,0.000000,0.000000,0,0.000000,0.000000,0,0,1,9,0,1,0,0,0,0,nan,nan,nan,0,nan,nan,nan,0,nan,nan,nan,0,nan,nan,nan,0,0,nan,nan
2015-09-08 09:09:03.800000+0100,1,0.000000,0.000000,0.000000,0.000000,0,0,0,0.033333,0.000000,0,0.000000,0.000000,0,0,1,6,0,0,0,0,1,0,nan,nan,nan,0,nan,nan,nan,0,nan,nan,nan,0,nan,nan,nan,0,0,nan,nan
2015-09-08 09:09:33.800000+0100,1,0.000000,0.000000,0.000000,0.000000,0,0,0,0.000000,0.000000,0,0.000000,0.000000,0,1,0,1,0,0,0,0,0,0,nan,nan,nan,0,nan,nan,nan,0,nan,nan,nan,0,nan,nan,nan,0,0,nan,nan
